file,line,type,commit,author,date,time,timezone,datetime,depth,length
style.css,1,css,7e785a5d,aaj013-creator,2026-04-10,22:50:52,-07:00,2026-04-10T22:50:52-07:00,0,4
style.css,2,css,f4e9788c,aaj013-creator,2026-04-17,21:53:24,-07:00,2026-04-17T21:53:24-07:00,2,23
style.css,3,css,f4e9788c,aaj013-creator,2026-04-17,21:53:24,-07:00,2026-04-17T21:53:24-07:00,2,31
style.css,4,css,3e330e7e,aaj013-creator,2026-05-02,23:30:02,-07:00,2026-05-02T23:30:02-07:00,2,39
style.css,5,css,7e785a5d,aaj013-creator,2026-04-10,22:50:52,-07:00,2026-04-10T22:50:52-07:00,0,0
style.css,6,css,55354d13,aaj013-creator,2026-04-10,22:49:47,-07:00,2026-04-10T22:49:47-07:00,0,0
style.css,7,css,7e785a5d,aaj013-creator,2026-04-10,22:50:52,-07:00,2026-04-10T22:50:52-07:00,0,4
style.css,8,css,f4e9788c,aaj013-creator,2026-04-17,21:53:24,-07:00,2026-04-17T21:53:24-07:00,2,35
style.css,9,css,f4e9788c,aaj013-creator,2026-04-17,21:53:24,-07:00,2026-04-17T21:53:24-07:00,2,15
style.css,10,css,f4e9788c,aaj013-creator,2026-04-17,21:53:24,-07:00,2026-04-17T21:53:24-07:00,2,18
style.css,11,css,f4e9788c,aaj013-creator,2026-04-17,21:53:24,-07:00,2026-04-17T21:53:24-07:00,2,12
style.css,12,css,76d051a5,aaj013-creator,2026-04-04,21:18:40,-07:00,2026-04-04T21:18:40-07:00,0,0
style.css,13,css,76d051a5,aaj013-creator,2026-04-04,21:18:40,-07:00,2026-04-04T21:18:40-07:00,0,0
style.css,14,css,76d051a5,aaj013-creator,2026-04-04,21:18:40,-07:00,2026-04-04T21:18:40-07:00,0,3
style.css,15,css,f4e9788c,aaj013-creator,2026-04-17,21:53:24,-07:00,2026-04-17T21:53:24-07:00,2,12
style.css,16,css,f4e9788c,aaj013-creator,2026-04-17,21:53:24,-07:00,2026-04-17T21:53:24-07:00,2,18
style.css,17,css,f4e9788c,aaj013-creator,2026-04-17,21:53:24,-07:00,2026-04-17T21:53:24-07:00,2,43
style.css,18,css,76d051a5,aaj013-creator,2026-04-04,21:18:40,-07:00,2026-04-04T21:18:40-07:00,0,0
style.css,19,css,76d051a5,aaj013-creator,2026-04-04,21:18:40,-07:00,2026-04-04T21:18:40-07:00,0,0
style.css,20,css,76d051a5,aaj013-creator,2026-04-04,21:18:40,-07:00,2026-04-04T21:18:40-07:00,0,5
style.css,21,css,f4e9788c,aaj013-creator,2026-04-17,21:53:24,-07:00,2026-04-17T21:53:24-07:00,2,6
style.css,22,css,f4e9788c,aaj013-creator,2026-04-17,21:53:24,-07:00,2026-04-17T21:53:24-07:00,2,17
style.css,23,css,f4e9788c,aaj013-creator,2026-04-17,21:53:24,-07:00,2026-04-17T21:53:24-07:00,2,20
style.css,24,css,f4e9788c,aaj013-creator,2026-04-17,21:53:24,-07:00,2026-04-17T21:53:24-07:00,2,13
style.css,25,css,f4e9788c,aaj013-creator,2026-04-17,21:53:24,-07:00,2026-04-17T21:53:24-07:00,2,13
style.css,26,css,55354d13,aaj013-creator,2026-04-10,22:49:47,-07:00,2026-04-10T22:49:47-07:00,0,0
style.css,27,css,55354d13,aaj013-creator,2026-04-10,22:49:47,-07:00,2026-04-10T22:49:47-07:00,0,0
style.css,28,css,55354d13,aaj013-creator,2026-04-10,22:49:47,-07:00,2026-04-10T22:49:47-07:00,0,13
style.css,29,css,f4e9788c,aaj013-creator,2026-04-17,21:53:24,-07:00,2026-04-17T21:53:24-07:00,2,43
style.css,30,css,f4e9788c,aaj013-creator,2026-04-17,21:53:24,-07:00,2026-04-17T21:53:24-07:00,2,20
style.css,31,css,76d051a5,aaj013-creator,2026-04-04,21:18:40,-07:00,2026-04-04T21:18:40-07:00,0,0
style.css,32,css,76d051a5,aaj013-creator,2026-04-04,21:18:40,-07:00,2026-04-04T21:18:40-07:00,0,0
style.css,33,css,76d051a5,aaj013-creator,2026-04-04,21:18:40,-07:00,2026-04-04T21:18:40-07:00,0,11
style.css,34,css,f4e9788c,aaj013-creator,2026-04-17,21:53:24,-07:00,2026-04-17T21:53:24-07:00,2,45
style.css,35,css,f4e9788c,aaj013-creator,2026-04-17,21:53:24,-07:00,2026-04-17T21:53:24-07:00,2,69
style.css,36,css,f4e9788c,aaj013-creator,2026-04-17,21:53:24,-07:00,2026-04-17T21:53:24-07:00,2,20
style.css,37,css,76d051a5,aaj013-creator,2026-04-04,21:18:40,-07:00,2026-04-04T21:18:40-07:00,0,0
style.css,38,css,76d051a5,aaj013-creator,2026-04-04,21:18:40,-07:00,2026-04-04T21:18:40-07:00,0,0
style.css,39,css,f4e9788c,aaj013-creator,2026-04-17,21:53:24,-07:00,2026-04-17T21:53:24-07:00,0,3
style.css,40,css,f4e9788c,aaj013-creator,2026-04-17,21:53:24,-07:00,2026-04-17T21:53:24-07:00,2,14
style.css,41,css,f4e9788c,aaj013-creator,2026-04-17,21:53:24,-07:00,2026-04-17T21:53:24-07:00,2,11
style.css,42,css,fccdb130,aaj013-creator,2026-04-10,23:35:48,-07:00,2026-04-10T23:35:48-07:00,0,0
style.css,43,css,fccdb130,aaj013-creator,2026-04-10,23:35:48,-07:00,2026-04-10T23:35:48-07:00,0,0
style.css,44,css,f4e9788c,aaj013-creator,2026-04-17,21:53:24,-07:00,2026-04-17T21:53:24-07:00,0,9
style.css,45,css,f4e9788c,aaj013-creator,2026-04-17,21:53:24,-07:00,2026-04-17T21:53:24-07:00,2,12
style.css,46,css,f4e9788c,aaj013-creator,2026-04-17,21:53:24,-07:00,2026-04-17T21:53:24-07:00,2,58
style.css,47,css,f4e9788c,aaj013-creator,2026-04-17,21:53:24,-07:00,2026-04-17T21:53:24-07:00,2,7
style.css,48,css,76d051a5,aaj013-creator,2026-04-04,21:18:40,-07:00,2026-04-04T21:18:40-07:00,0,0
style.css,49,css,76d051a5,aaj013-creator,2026-04-04,21:18:40,-07:00,2026-04-04T21:18:40-07:00,0,0
style.css,50,css,f4e9788c,aaj013-creator,2026-04-17,21:53:24,-07:00,2026-04-17T21:53:24-07:00,0,7
style.css,51,css,f4e9788c,aaj013-creator,2026-04-17,21:53:24,-07:00,2026-04-17T21:53:24-07:00,2,36
style.css,52,css,f4e9788c,aaj013-creator,2026-04-17,21:53:24,-07:00,2026-04-17T21:53:24-07:00,2,11
style.css,53,css,f4e9788c,aaj013-creator,2026-04-17,21:53:24,-07:00,2026-04-17T21:53:24-07:00,2,19
style.css,54,css,7e785a5d,aaj013-creator,2026-04-10,22:50:52,-07:00,2026-04-10T22:50:52-07:00,0,0
style.css,55,css,7e785a5d,aaj013-creator,2026-04-10,22:50:52,-07:00,2026-04-10T22:50:52-07:00,0,0
style.css,56,css,f4e9788c,aaj013-creator,2026-04-17,21:53:24,-07:00,2026-04-17T21:53:24-07:00,0,4
style.css,57,css,f4e9788c,aaj013-creator,2026-04-17,21:53:24,-07:00,2026-04-17T21:53:24-07:00,2,12
style.css,58,css,f4e9788c,aaj013-creator,2026-04-17,21:53:24,-07:00,2026-04-17T21:53:24-07:00,2,7
style.css,59,css,f4e9788c,aaj013-creator,2026-04-17,21:53:24,-07:00,2026-04-17T21:53:24-07:00,2,14
style.css,60,css,7e785a5d,aaj013-creator,2026-04-10,22:50:52,-07:00,2026-04-10T22:50:52-07:00,0,0
style.css,61,css,7e785a5d,aaj013-creator,2026-04-10,22:50:52,-07:00,2026-04-10T22:50:52-07:00,0,0
style.css,62,css,f4e9788c,aaj013-creator,2026-04-17,21:53:24,-07:00,2026-04-17T21:53:24-07:00,0,5
style.css,63,css,f4e9788c,aaj013-creator,2026-04-17,21:53:24,-07:00,2026-04-17T21:53:24-07:00,2,12
style.css,64,css,f4e9788c,aaj013-creator,2026-04-17,21:53:24,-07:00,2026-04-17T21:53:24-07:00,2,10
style.css,65,css,7e785a5d,aaj013-creator,2026-04-10,22:50:52,-07:00,2026-04-10T22:50:52-07:00,0,0
style.css,66,css,7e785a5d,aaj013-creator,2026-04-10,22:50:52,-07:00,2026-04-10T22:50:52-07:00,0,0
style.css,67,css,f4e9788c,aaj013-creator,2026-04-17,21:53:24,-07:00,2026-04-17T21:53:24-07:00,0,4
style.css,68,css,f4e9788c,aaj013-creator,2026-04-17,21:53:24,-07:00,2026-04-17T21:53:24-07:00,0,7
style.css,69,css,f4e9788c,aaj013-creator,2026-04-17,21:53:24,-07:00,2026-04-17T21:53:24-07:00,0,5
style.css,70,css,f4e9788c,aaj013-creator,2026-04-17,21:53:24,-07:00,2026-04-17T21:53:24-07:00,0,6
style.css,71,css,f4e9788c,aaj013-creator,2026-04-17,21:53:24,-07:00,2026-04-17T21:53:24-07:00,2,12
style.css,72,css,fccdb130,aaj013-creator,2026-04-10,23:35:48,-07:00,2026-04-10T23:35:48-07:00,0,0
style.css,73,css,fccdb130,aaj013-creator,2026-04-10,23:35:48,-07:00,2026-04-10T23:35:48-07:00,0,0
style.css,74,css,f4e9788c,aaj013-creator,2026-04-17,21:53:24,-07:00,2026-04-17T21:53:24-07:00,0,8
style.css,75,css,f4e9788c,aaj013-creator,2026-04-17,21:53:24,-07:00,2026-04-17T21:53:24-07:00,2,14
style.css,76,css,7e785a5d,aaj013-creator,2026-04-10,22:50:52,-07:00,2026-04-10T22:50:52-07:00,0,0
style.css,77,css,7e785a5d,aaj013-creator,2026-04-10,22:50:52,-07:00,2026-04-10T22:50:52-07:00,0,0
style.css,78,css,f4e9788c,aaj013-creator,2026-04-17,21:53:24,-07:00,2026-04-17T21:53:24-07:00,0,13
style.css,79,css,f4e9788c,aaj013-creator,2026-04-17,21:53:24,-07:00,2026-04-17T21:53:24-07:00,2,17
style.css,80,css,f4e9788c,aaj013-creator,2026-04-17,21:53:24,-07:00,2026-04-17T21:53:24-07:00,2,8
style.css,81,css,f4e9788c,aaj013-creator,2026-04-17,21:53:24,-07:00,2026-04-17T21:53:24-07:00,2,10
style.css,82,css,f4e9788c,aaj013-creator,2026-04-17,21:53:24,-07:00,2026-04-17T21:53:24-07:00,2,13
style.css,83,css,f4e9788c,aaj013-creator,2026-04-17,21:53:24,-07:00,2026-04-17T21:53:24-07:00,2,19
style.css,84,css,3e330e7e,aaj013-creator,2026-05-02,23:30:02,-07:00,2026-05-02T23:30:02-07:00,0,0
style.css,85,css,3e330e7e,aaj013-creator,2026-05-02,23:30:02,-07:00,2026-05-02T23:30:02-07:00,0,0
style.css,86,css,3e330e7e,aaj013-creator,2026-05-02,23:30:02,-07:00,2026-05-02T23:30:02-07:00,0,16
style.css,87,css,3e330e7e,aaj013-creator,2026-05-02,23:30:02,-07:00,2026-05-02T23:30:02-07:00,2,12
style.css,88,css,3e330e7e,aaj013-creator,2026-05-02,23:30:02,-07:00,2026-05-02T23:30:02-07:00,2,18
style.css,89,css,3e330e7e,aaj013-creator,2026-05-02,23:30:02,-07:00,2026-05-02T23:30:02-07:00,2,7
style.css,90,css,3e330e7e,aaj013-creator,2026-05-02,23:30:02,-07:00,2026-05-02T23:30:02-07:00,2,16
style.css,91,css,3e330e7e,aaj013-creator,2026-05-02,23:30:02,-07:00,2026-05-02T23:30:02-07:00,0,0
style.css,92,css,3e330e7e,aaj013-creator,2026-05-02,23:30:02,-07:00,2026-05-02T23:30:02-07:00,0,0
style.css,93,css,3e330e7e,aaj013-creator,2026-05-02,23:30:02,-07:00,2026-05-02T23:30:02-07:00,0,18
style.css,94,css,3e330e7e,aaj013-creator,2026-05-02,23:30:02,-07:00,2026-05-02T23:30:02-07:00,2,14
style.css,95,css,3e330e7e,aaj013-creator,2026-05-02,23:30:02,-07:00,2026-05-02T23:30:02-07:00,2,16
style.css,96,css,3e330e7e,aaj013-creator,2026-05-02,23:30:02,-07:00,2026-05-02T23:30:02-07:00,0,0
style.css,97,css,3e330e7e,aaj013-creator,2026-05-02,23:30:02,-07:00,2026-05-02T23:30:02-07:00,0,0
style.css,98,css,3e330e7e,aaj013-creator,2026-05-02,23:30:02,-07:00,2026-05-02T23:30:02-07:00,0,23
style.css,99,css,3e330e7e,aaj013-creator,2026-05-02,23:30:02,-07:00,2026-05-02T23:30:02-07:00,2,14
style.css,100,css,3e330e7e,aaj013-creator,2026-05-02,23:30:02,-07:00,2026-05-02T23:30:02-07:00,2,16
style.css,101,css,3e330e7e,aaj013-creator,2026-05-02,23:30:02,-07:00,2026-05-02T23:30:02-07:00,0,0
style.css,102,css,3e330e7e,aaj013-creator,2026-05-02,23:30:02,-07:00,2026-05-02T23:30:02-07:00,0,0
style.css,103,css,3e330e7e,aaj013-creator,2026-05-02,23:30:02,-07:00,2026-05-02T23:30:02-07:00,0,51
style.css,104,css,3e330e7e,aaj013-creator,2026-05-02,23:30:02,-07:00,2026-05-02T23:30:02-07:00,2,11
style.css,105,css,3e330e7e,aaj013-creator,2026-05-02,23:30:02,-07:00,2026-05-02T23:30:02-07:00,0,0
style.css,106,css,3e330e7e,aaj013-creator,2026-05-02,23:30:02,-07:00,2026-05-02T23:30:02-07:00,0,0
style.css,107,css,3e330e7e,aaj013-creator,2026-05-02,23:30:02,-07:00,2026-05-02T23:30:02-07:00,0,7
style.css,108,css,3e330e7e,aaj013-creator,2026-05-02,23:30:02,-07:00,2026-05-02T23:30:02-07:00,2,6
style.css,109,css,3e330e7e,aaj013-creator,2026-05-02,23:30:02,-07:00,2026-05-02T23:30:02-07:00,2,12
style.css,110,css,3e330e7e,aaj013-creator,2026-05-02,23:30:02,-07:00,2026-05-02T23:30:02-07:00,2,57
style.css,111,css,3e330e7e,aaj013-creator,2026-05-02,23:30:02,-07:00,2026-05-02T23:30:02-07:00,2,10
style.css,112,css,3e330e7e,aaj013-creator,2026-05-02,23:30:02,-07:00,2026-05-02T23:30:02-07:00,2,36
style.css,113,css,3e330e7e,aaj013-creator,2026-05-02,23:30:02,-07:00,2026-05-02T23:30:02-07:00,2,11
style.css,114,css,3e330e7e,aaj013-creator,2026-05-02,23:30:02,-07:00,2026-05-02T23:30:02-07:00,2,8
style.css,115,css,3e330e7e,aaj013-creator,2026-05-02,23:30:02,-07:00,2026-05-02T23:30:02-07:00,2,15
style.css,116,css,3e330e7e,aaj013-creator,2026-05-02,23:30:02,-07:00,2026-05-02T23:30:02-07:00,0,0
style.css,117,css,3e330e7e,aaj013-creator,2026-05-02,23:30:02,-07:00,2026-05-02T23:30:02-07:00,0,0
style.css,118,css,3e330e7e,aaj013-creator,2026-05-02,23:30:02,-07:00,2026-05-02T23:30:02-07:00,0,12
style.css,119,css,3e330e7e,aaj013-creator,2026-05-02,23:30:02,-07:00,2026-05-02T23:30:02-07:00,2,12
style.css,120,css,3e330e7e,aaj013-creator,2026-05-02,23:30:02,-07:00,2026-05-02T23:30:02-07:00,2,18
style.css,121,css,3e330e7e,aaj013-creator,2026-05-02,23:30:02,-07:00,2026-05-02T23:30:02-07:00,2,9
style.css,122,css,3e330e7e,aaj013-creator,2026-05-02,23:30:02,-07:00,2026-05-02T23:30:02-07:00,2,14
style.css,123,css,3e330e7e,aaj013-creator,2026-05-02,23:30:02,-07:00,2026-05-02T23:30:02-07:00,0,0
style.css,124,css,3e330e7e,aaj013-creator,2026-05-02,23:30:02,-07:00,2026-05-02T23:30:02-07:00,0,0
style.css,125,css,3e330e7e,aaj013-creator,2026-05-02,23:30:02,-07:00,2026-05-02T23:30:02-07:00,0,7
style.css,126,css,3e330e7e,aaj013-creator,2026-05-02,23:30:02,-07:00,2026-05-02T23:30:02-07:00,2,9
style.css,127,css,3e330e7e,aaj013-creator,2026-05-02,23:30:02,-07:00,2026-05-02T23:30:02-07:00,2,18
style.css,128,css,3e330e7e,aaj013-creator,2026-05-02,23:30:02,-07:00,2026-05-02T23:30:02-07:00,2,23
style.css,129,css,3e330e7e,aaj013-creator,2026-05-02,23:30:02,-07:00,2026-05-02T23:30:02-07:00,2,17
style.css,130,css,3e330e7e,aaj013-creator,2026-05-02,23:30:02,-07:00,2026-05-02T23:30:02-07:00,2,20
style.css,131,css,3e330e7e,aaj013-creator,2026-05-02,23:30:02,-07:00,2026-05-02T23:30:02-07:00,0,0
style.css,132,css,3e330e7e,aaj013-creator,2026-05-02,23:30:02,-07:00,2026-05-02T23:30:02-07:00,0,0
style.css,133,css,3e330e7e,aaj013-creator,2026-05-02,23:30:02,-07:00,2026-05-02T23:30:02-07:00,0,9
style.css,134,css,3e330e7e,aaj013-creator,2026-05-02,23:30:02,-07:00,2026-05-02T23:30:02-07:00,2,35
style.css,135,css,3e330e7e,aaj013-creator,2026-05-02,23:30:02,-07:00,2026-05-02T23:30:02-07:00,0,0
style.css,136,css,3e330e7e,aaj013-creator,2026-05-02,23:30:02,-07:00,2026-05-02T23:30:02-07:00,0,0
style.css,137,css,3e330e7e,aaj013-creator,2026-05-02,23:30:02,-07:00,2026-05-02T23:30:02-07:00,0,18
style.css,138,css,3e330e7e,aaj013-creator,2026-05-02,23:30:02,-07:00,2026-05-02T23:30:02-07:00,2,17
style.css,139,css,3e330e7e,aaj013-creator,2026-05-02,23:30:02,-07:00,2026-05-02T23:30:02-07:00,0,0
style.css,140,css,3e330e7e,aaj013-creator,2026-05-02,23:30:02,-07:00,2026-05-02T23:30:02-07:00,0,0
style.css,141,css,3e330e7e,aaj013-creator,2026-05-02,23:30:02,-07:00,2026-05-02T23:30:02-07:00,0,10
style.css,142,css,3e330e7e,aaj013-creator,2026-05-02,23:30:02,-07:00,2026-05-02T23:30:02-07:00,2,10
style.css,143,css,3e330e7e,aaj013-creator,2026-05-02,23:30:02,-07:00,2026-05-02T23:30:02-07:00,2,16
style.css,144,css,3e330e7e,aaj013-creator,2026-05-02,23:30:02,-07:00,2026-05-02T23:30:02-07:00,2,13
style.css,145,css,76d051a5,aaj013-creator,2026-04-04,21:18:40,-07:00,2026-04-04T21:18:40-07:00,0,0
index.js,1,js,4dc952fa,aaj013-creator,2026-04-24,22:31:34,-07:00,2026-04-24T22:31:34-07:00,0,71
index.js,2,js,4dc952fa,aaj013-creator,2026-04-24,22:31:34,-07:00,2026-04-24T22:31:34-07:00,0,0
index.js,3,js,4dc952fa,aaj013-creator,2026-04-24,22:31:34,-07:00,2026-04-24T22:31:34-07:00,0,54
index.js,4,js,4dc952fa,aaj013-creator,2026-04-24,22:31:34,-07:00,2026-04-24T22:31:34-07:00,0,42
index.js,5,js,4dc952fa,aaj013-creator,2026-04-24,22:31:34,-07:00,2026-04-24T22:31:34-07:00,0,0
index.js,6,js,4dc952fa,aaj013-creator,2026-04-24,22:31:34,-07:00,2026-04-24T22:31:34-07:00,0,60
index.js,7,js,4dc952fa,aaj013-creator,2026-04-24,22:31:34,-07:00,2026-04-24T22:31:34-07:00,0,0
index.js,8,js,4dc952fa,aaj013-creator,2026-04-24,22:31:34,-07:00,2026-04-24T22:31:34-07:00,0,54
index.js,9,js,4dc952fa,aaj013-creator,2026-04-24,22:31:34,-07:00,2026-04-24T22:31:34-07:00,0,0
index.js,10,js,4dc952fa,aaj013-creator,2026-04-24,22:31:34,-07:00,2026-04-24T22:31:34-07:00,0,57
index.js,11,js,4dc952fa,aaj013-creator,2026-04-24,22:31:34,-07:00,2026-04-24T22:31:34-07:00,0,60
index.js,12,js,4dc952fa,aaj013-creator,2026-04-24,22:31:34,-07:00,2026-04-24T22:31:34-07:00,0,0
index.js,13,js,4dc952fa,aaj013-creator,2026-04-24,22:31:34,-07:00,2026-04-24T22:31:34-07:00,0,17
index.js,14,js,4dc952fa,aaj013-creator,2026-04-24,22:31:34,-07:00,2026-04-24T22:31:34-07:00,2,24
index.js,15,js,4dc952fa,aaj013-creator,2026-04-24,22:31:34,-07:00,2026-04-24T22:31:34-07:00,4,22
index.js,16,js,4dc952fa,aaj013-creator,2026-04-24,22:31:34,-07:00,2026-04-24T22:31:34-07:00,4,2
index.js,17,js,4dc952fa,aaj013-creator,2026-04-24,22:31:34,-07:00,2026-04-24T22:31:34-07:00,6,55
index.js,18,js,4dc952fa,aaj013-creator,2026-04-24,22:31:34,-07:00,2026-04-24T22:31:34-07:00,6,55
index.js,19,js,4dc952fa,aaj013-creator,2026-04-24,22:31:34,-07:00,2026-04-24T22:31:34-07:00,6,49
index.js,20,js,4dc952fa,aaj013-creator,2026-04-24,22:31:34,-07:00,2026-04-24T22:31:34-07:00,6,49
index.js,21,js,4dc952fa,aaj013-creator,2026-04-24,22:31:34,-07:00,2026-04-24T22:31:34-07:00,4,3
index.js,22,js,4dc952fa,aaj013-creator,2026-04-24,22:31:34,-07:00,2026-04-24T22:31:34-07:00,2,0
index.js,23,js,4dc952fa,aaj013-creator,2026-04-24,22:31:34,-07:00,2026-04-24T22:31:34-07:00,0,0
index.html,1,html,69cddfc,aaj013-creator,2026-04-03,21:51:02,-07:00,2026-04-03T21:51:02-07:00,0,13
index.html,2,html,69cddfc,aaj013-creator,2026-04-03,21:51:02,-07:00,2026-04-03T21:51:02-07:00,0,14
index.html,3,html,69cddfc,aaj013-creator,2026-04-03,21:51:02,-07:00,2026-04-03T21:51:02-07:00,0,4
index.html,4,html,69cddfc,aaj013-creator,2026-04-03,21:51:02,-07:00,2026-04-03T21:51:02-07:00,2,20
index.html,5,html,69cddfc,aaj013-creator,2026-04-03,21:51:02,-07:00,2026-04-03T21:51:02-07:00,2,68
index.html,6,html,f921c7d0,aaj013-creator,2026-04-04,20:51:16,-07:00,2026-04-04T20:51:16-07:00,2,38
index.html,7,html,21f77528,aaj013-creator,2026-04-24,22:34:54,-07:00,2026-04-24T22:34:54-07:00,0,0
index.html,8,html,21f77528,aaj013-creator,2026-04-24,22:34:54,-07:00,2026-04-24T22:34:54-07:00,2,23
index.html,9,html,d9813b5e,aaj013-creator,2026-04-17,21:22:45,-07:00,2026-04-17T21:22:45-07:00,2,45
index.html,10,html,21f77528,aaj013-creator,2026-04-24,22:34:54,-07:00,2026-04-24T22:34:54-07:00,2,50
index.html,11,html,21f77528,aaj013-creator,2026-04-24,22:34:54,-07:00,2026-04-24T22:34:54-07:00,0,0
index.html,12,html,69cddfc,aaj013-creator,2026-04-03,21:51:02,-07:00,2026-04-03T21:51:02-07:00,2,54
index.html,13,html,69cddfc,aaj013-creator,2026-04-03,21:51:02,-07:00,2026-04-03T21:51:02-07:00,0,5
index.html,14,html,f921c7d0,aaj013-creator,2026-04-04,20:51:16,-07:00,2026-04-04T20:51:16-07:00,0,0
index.html,15,html,69cddfc,aaj013-creator,2026-04-03,21:51:02,-07:00,2026-04-03T21:51:02-07:00,0,4
index.html,16,html,f921c7d0,aaj013-creator,2026-04-04,20:51:16,-07:00,2026-04-04T20:51:16-07:00,0,0
index.html,17,html,69cddfc,aaj013-creator,2026-04-03,21:51:02,-07:00,2026-04-03T21:51:02-07:00,2,19
index.html,18,html,f921c7d0,aaj013-creator,2026-04-04,20:51:16,-07:00,2026-04-04T20:51:16-07:00,0,0
index.html,19,html,69cddfc,aaj013-creator,2026-04-03,21:51:02,-07:00,2026-04-03T21:51:02-07:00,2,102
index.html,20,html,f921c7d0,aaj013-creator,2026-04-04,20:51:16,-07:00,2026-04-04T20:51:16-07:00,0,0
index.html,21,html,f921c7d0,aaj013-creator,2026-04-04,20:51:16,-07:00,2026-04-04T20:51:16-07:00,2,56
index.html,22,html,f921c7d0,aaj013-creator,2026-04-04,20:51:16,-07:00,2026-04-04T20:51:16-07:00,0,0
index.html,23,html,21f77528,aaj013-creator,2026-04-24,22:34:54,-07:00,2026-04-24T22:34:54-07:00,2,23
index.html,24,html,21f77528,aaj013-creator,2026-04-24,22:34:54,-07:00,2026-04-24T22:34:54-07:00,2,22
index.html,25,html,21f77528,aaj013-creator,2026-04-24,22:34:54,-07:00,2026-04-24T22:34:54-07:00,2,26
index.html,26,html,21f77528,aaj013-creator,2026-04-24,22:34:54,-07:00,2026-04-24T22:34:54-07:00,0,0
index.html,27,html,21f77528,aaj013-creator,2026-04-24,22:34:54,-07:00,2026-04-24T22:34:54-07:00,2,23
index.html,28,html,21f77528,aaj013-creator,2026-04-24,22:34:54,-07:00,2026-04-24T22:34:54-07:00,2,28
index.html,29,html,21f77528,aaj013-creator,2026-04-24,22:34:54,-07:00,2026-04-24T22:34:54-07:00,0,0
index.html,30,html,69cddfc,aaj013-creator,2026-04-03,21:51:02,-07:00,2026-04-03T21:51:02-07:00,0,5
index.html,31,html,69cddfc,aaj013-creator,2026-04-03,21:51:02,-07:00,2026-04-03T21:51:02-07:00,0,5
global.js,1,js,d9813b5e,aaj013-creator,2026-04-17,21:22:45,-07:00,2026-04-17T21:22:45-07:00,0,25
global.js,2,js,d9813b5e,aaj013-creator,2026-04-17,21:22:45,-07:00,2026-04-17T21:22:45-07:00,0,0
global.js,3,js,216c204f,aaj013-creator,2026-04-17,21:48:51,-07:00,2026-04-17T21:48:51-07:00,0,11
global.js,4,js,216c204f,aaj013-creator,2026-04-17,21:48:51,-07:00,2026-04-17T21:48:51-07:00,2,25
global.js,5,js,216c204f,aaj013-creator,2026-04-17,21:48:51,-07:00,2026-04-17T21:48:51-07:00,2,38
global.js,6,js,216c204f,aaj013-creator,2026-04-17,21:48:51,-07:00,2026-04-17T21:48:51-07:00,2,36
global.js,7,js,216c204f,aaj013-creator,2026-04-17,21:48:51,-07:00,2026-04-17T21:48:51-07:00,2,34
global.js,8,js,216c204f,aaj013-creator,2026-04-17,21:48:51,-07:00,2026-04-17T21:48:51-07:00,2,69
global.js,9,js,216c204f,aaj013-creator,2026-04-17,21:48:51,-07:00,2026-04-17T21:48:51-07:00,0,0
global.js,10,js,d9813b5e,aaj013-creator,2026-04-17,21:22:45,-07:00,2026-04-17T21:22:45-07:00,0,0
global.js,11,js,216c204f,aaj013-creator,2026-04-17,21:48:51,-07:00,2026-04-17T21:48:51-07:00,0,15
global.js,12,js,216c204f,aaj013-creator,2026-04-17,21:48:51,-07:00,2026-04-17T21:48:51-07:00,2,68
global.js,13,js,216c204f,aaj013-creator,2026-04-17,21:48:51,-07:00,2026-04-17T21:48:51-07:00,4,3
global.js,14,js,216c204f,aaj013-creator,2026-04-17,21:48:51,-07:00,2026-04-17T21:48:51-07:00,4,14
global.js,15,js,d9813b5e,aaj013-creator,2026-04-17,21:22:45,-07:00,2026-04-17T21:22:45-07:00,0,0
global.js,16,js,216c204f,aaj013-creator,2026-04-17,21:48:51,-07:00,2026-04-17T21:48:51-07:00,0,38
global.js,17,js,216c204f,aaj013-creator,2026-04-17,21:48:51,-07:00,2026-04-17T21:48:51-07:00,0,25
global.js,18,js,d9813b5e,aaj013-creator,2026-04-17,21:22:45,-07:00,2026-04-17T21:22:45-07:00,0,0
global.js,19,js,216c204f,aaj013-creator,2026-04-17,21:48:51,-07:00,2026-04-17T21:48:51-07:00,0,20
global.js,20,js,216c204f,aaj013-creator,2026-04-17,21:48:51,-07:00,2026-04-17T21:48:51-07:00,2,14
global.js,21,js,216c204f,aaj013-creator,2026-04-17,21:48:51,-07:00,2026-04-17T21:48:51-07:00,0,0
global.js,22,js,216c204f,aaj013-creator,2026-04-17,21:48:51,-07:00,2026-04-17T21:48:51-07:00,2,28
global.js,23,js,216c204f,aaj013-creator,2026-04-17,21:48:51,-07:00,2026-04-17T21:48:51-07:00,4,20
global.js,24,js,216c204f,aaj013-creator,2026-04-17,21:48:51,-07:00,2026-04-17T21:48:51-07:00,2,0
global.js,25,js,216c204f,aaj013-creator,2026-04-17,21:48:51,-07:00,2026-04-17T21:48:51-07:00,0,0
global.js,26,js,216c204f,aaj013-creator,2026-04-17,21:48:51,-07:00,2026-04-17T21:48:51-07:00,2,34
global.js,27,js,216c204f,aaj013-creator,2026-04-17,21:48:51,-07:00,2026-04-17T21:48:51-07:00,2,11
global.js,28,js,216c204f,aaj013-creator,2026-04-17,21:48:51,-07:00,2026-04-17T21:48:51-07:00,2,22
global.js,29,js,216c204f,aaj013-creator,2026-04-17,21:48:51,-07:00,2026-04-17T21:48:51-07:00,0,0
global.js,30,js,216c204f,aaj013-creator,2026-04-17,21:48:51,-07:00,2026-04-17T21:48:51-07:00,2,65
global.js,31,js,216c204f,aaj013-creator,2026-04-17,21:48:51,-07:00,2026-04-17T21:48:51-07:00,4,25
global.js,32,js,216c204f,aaj013-creator,2026-04-17,21:48:51,-07:00,2026-04-17T21:48:51-07:00,2,0
global.js,33,js,216c204f,aaj013-creator,2026-04-17,21:48:51,-07:00,2026-04-17T21:48:51-07:00,0,0
global.js,34,js,216c204f,aaj013-creator,2026-04-17,21:48:51,-07:00,2026-04-17T21:48:51-07:00,2,29
global.js,35,js,216c204f,aaj013-creator,2026-04-17,21:48:51,-07:00,2026-04-17T21:48:51-07:00,4,18
global.js,36,js,216c204f,aaj013-creator,2026-04-17,21:48:51,-07:00,2026-04-17T21:48:51-07:00,2,0
global.js,37,js,216c204f,aaj013-creator,2026-04-17,21:48:51,-07:00,2026-04-17T21:48:51-07:00,0,0
global.js,38,js,216c204f,aaj013-creator,2026-04-17,21:48:51,-07:00,2026-04-17T21:48:51-07:00,2,12
global.js,39,js,f4e9788c,aaj013-creator,2026-04-17,21:53:24,-07:00,2026-04-17T21:53:24-07:00,0,0
global.js,40,js,f4e9788c,aaj013-creator,2026-04-17,21:53:24,-07:00,2026-04-17T21:53:24-07:00,0,0
global.js,41,js,f4e9788c,aaj013-creator,2026-04-17,21:53:24,-07:00,2026-04-17T21:53:24-07:00,0,31
global.js,42,js,f4e9788c,aaj013-creator,2026-04-17,21:53:24,-07:00,2026-04-17T21:53:24-07:00,2,11
global.js,43,js,f4e9788c,aaj013-creator,2026-04-17,21:53:24,-07:00,2026-04-17T21:53:24-07:00,2,0
global.js,44,js,f4e9788c,aaj013-creator,2026-04-17,21:53:24,-07:00,2026-04-17T21:53:24-07:00,2,26
global.js,45,js,f4e9788c,aaj013-creator,2026-04-17,21:53:24,-07:00,2026-04-17T21:53:24-07:00,4,4
global.js,46,js,f4e9788c,aaj013-creator,2026-04-17,21:53:24,-07:00,2026-04-17T21:53:24-07:00,4,6
global.js,47,js,f4e9788c,aaj013-creator,2026-04-17,21:53:24,-07:00,2026-04-17T21:53:24-07:00,6,43
global.js,48,js,f4e9788c,aaj013-creator,2026-04-17,21:53:24,-07:00,2026-04-17T21:53:24-07:00,6,34
global.js,49,js,f4e9788c,aaj013-creator,2026-04-17,21:53:24,-07:00,2026-04-17T21:53:24-07:00,6,32
global.js,50,js,f4e9788c,aaj013-creator,2026-04-17,21:53:24,-07:00,2026-04-17T21:53:24-07:00,4,7
global.js,51,js,f4e9788c,aaj013-creator,2026-04-17,21:53:24,-07:00,2026-04-17T21:53:24-07:00,2,7
global.js,52,js,f4e9788c,aaj013-creator,2026-04-17,21:53:24,-07:00,2026-04-17T21:53:24-07:00,0,0
global.js,53,js,f4e9788c,aaj013-creator,2026-04-17,21:53:24,-07:00,2026-04-17T21:53:24-07:00,0,0
global.js,54,js,f4e9788c,aaj013-creator,2026-04-17,21:53:24,-07:00,2026-04-17T21:53:24-07:00,0,58
global.js,55,js,f4e9788c,aaj013-creator,2026-04-17,21:53:24,-07:00,2026-04-17T21:53:24-07:00,0,0
global.js,56,js,f4e9788c,aaj013-creator,2026-04-17,21:53:24,-07:00,2026-04-17T21:53:24-07:00,0,36
global.js,57,js,f4e9788c,aaj013-creator,2026-04-17,21:53:24,-07:00,2026-04-17T21:53:24-07:00,2,70
global.js,58,js,f4e9788c,aaj013-creator,2026-04-17,21:53:24,-07:00,2026-04-17T21:53:24-07:00,2,25
global.js,59,js,f4e9788c,aaj013-creator,2026-04-17,21:53:24,-07:00,2026-04-17T21:53:24-07:00,0,0
global.js,60,js,f4e9788c,aaj013-creator,2026-04-17,21:53:24,-07:00,2026-04-17T21:53:24-07:00,0,0
global.js,61,js,f4e9788c,aaj013-creator,2026-04-17,21:53:24,-07:00,2026-04-17T21:53:24-07:00,0,34
global.js,62,js,f4e9788c,aaj013-creator,2026-04-17,21:53:24,-07:00,2026-04-17T21:53:24-07:00,2,39
global.js,63,js,f4e9788c,aaj013-creator,2026-04-17,21:53:24,-07:00,2026-04-17T21:53:24-07:00,0,0
global.js,64,js,f4e9788c,aaj013-creator,2026-04-17,21:53:24,-07:00,2026-04-17T21:53:24-07:00,0,0
global.js,65,js,f4e9788c,aaj013-creator,2026-04-17,21:53:24,-07:00,2026-04-17T21:53:24-07:00,0,49
global.js,66,js,f4e9788c,aaj013-creator,2026-04-17,21:53:24,-07:00,2026-04-17T21:53:24-07:00,2,33
global.js,67,js,f4e9788c,aaj013-creator,2026-04-17,21:53:24,-07:00,2026-04-17T21:53:24-07:00,2,44
global.js,68,js,f4e9788c,aaj013-creator,2026-04-17,21:53:24,-07:00,2026-04-17T21:53:24-07:00,0,1
global.js,69,js,f4e9788c,aaj013-creator,2026-04-17,21:53:24,-07:00,2026-04-17T21:53:24-07:00,0,0
global.js,70,js,f4e9788c,aaj013-creator,2026-04-17,21:53:24,-07:00,2026-04-17T21:53:24-07:00,0,40
global.js,71,js,f4e9788c,aaj013-creator,2026-04-17,21:53:24,-07:00,2026-04-17T21:53:24-07:00,0,0
global.js,72,js,f4e9788c,aaj013-creator,2026-04-17,21:53:24,-07:00,2026-04-17T21:53:24-07:00,0,49
global.js,73,js,f4e9788c,aaj013-creator,2026-04-17,21:53:24,-07:00,2026-04-17T21:53:24-07:00,2,21
global.js,74,js,f4e9788c,aaj013-creator,2026-04-17,21:53:24,-07:00,2026-04-17T21:53:24-07:00,0,0
global.js,75,js,f4e9788c,aaj013-creator,2026-04-17,21:53:24,-07:00,2026-04-17T21:53:24-07:00,2,28
global.js,76,js,f4e9788c,aaj013-creator,2026-04-17,21:53:24,-07:00,2026-04-17T21:53:24-07:00,2,26
global.js,77,js,f4e9788c,aaj013-creator,2026-04-17,21:53:24,-07:00,2026-04-17T21:53:24-07:00,2,14
global.js,78,js,f4e9788c,aaj013-creator,2026-04-17,21:53:24,-07:00,2026-04-17T21:53:24-07:00,0,0
global.js,79,js,f4e9788c,aaj013-creator,2026-04-17,21:53:24,-07:00,2026-04-17T21:53:24-07:00,2,31
global.js,80,js,f4e9788c,aaj013-creator,2026-04-17,21:53:24,-07:00,2026-04-17T21:53:24-07:00,4,50
global.js,81,js,f4e9788c,aaj013-creator,2026-04-17,21:53:24,-07:00,2026-04-17T21:53:24-07:00,2,0
global.js,82,js,f4e9788c,aaj013-creator,2026-04-17,21:53:24,-07:00,2026-04-17T21:53:24-07:00,0,0
global.js,83,js,f4e9788c,aaj013-creator,2026-04-17,21:53:24,-07:00,2026-04-17T21:53:24-07:00,2,37
global.js,84,js,4dc952fa,aaj013-creator,2026-04-24,22:31:34,-07:00,2026-04-24T22:31:34-07:00,0,1
global.js,85,js,4dc952fa,aaj013-creator,2026-04-24,22:31:34,-07:00,2026-04-24T22:31:34-07:00,0,0
global.js,86,js,4dc952fa,aaj013-creator,2026-04-24,22:31:34,-07:00,2026-04-24T22:31:34-07:00,0,36
global.js,87,js,4dc952fa,aaj013-creator,2026-04-24,22:31:34,-07:00,2026-04-24T22:31:34-07:00,2,3
global.js,88,js,4dc952fa,aaj013-creator,2026-04-24,22:31:34,-07:00,2026-04-24T22:31:34-07:00,4,32
global.js,89,js,4dc952fa,aaj013-creator,2026-04-24,22:31:34,-07:00,2026-04-24T22:31:34-07:00,0,0
global.js,90,js,4dc952fa,aaj013-creator,2026-04-24,22:31:34,-07:00,2026-04-24T22:31:34-07:00,4,17
global.js,91,js,4dc952fa,aaj013-creator,2026-04-24,22:31:34,-07:00,2026-04-24T22:31:34-07:00,6,62
global.js,92,js,4dc952fa,aaj013-creator,2026-04-24,22:31:34,-07:00,2026-04-24T22:31:34-07:00,4,0
global.js,93,js,4dc952fa,aaj013-creator,2026-04-24,22:31:34,-07:00,2026-04-24T22:31:34-07:00,0,0
global.js,94,js,4dc952fa,aaj013-creator,2026-04-24,22:31:34,-07:00,2026-04-24T22:31:34-07:00,4,33
global.js,95,js,4dc952fa,aaj013-creator,2026-04-24,22:31:34,-07:00,2026-04-24T22:31:34-07:00,4,10
global.js,96,js,4dc952fa,aaj013-creator,2026-04-24,22:31:34,-07:00,2026-04-24T22:31:34-07:00,2,15
global.js,97,js,4dc952fa,aaj013-creator,2026-04-24,22:31:34,-07:00,2026-04-24T22:31:34-07:00,4,59
global.js,98,js,4dc952fa,aaj013-creator,2026-04-24,22:31:34,-07:00,2026-04-24T22:31:34-07:00,2,0
global.js,99,js,4dc952fa,aaj013-creator,2026-04-24,22:31:34,-07:00,2026-04-24T22:31:34-07:00,0,0
global.js,100,js,4dc952fa,aaj013-creator,2026-04-24,22:31:34,-07:00,2026-04-24T22:31:34-07:00,0,0
global.js,101,js,4dc952fa,aaj013-creator,2026-04-24,22:31:34,-07:00,2026-04-24T22:31:34-07:00,0,79
global.js,102,js,4dc952fa,aaj013-creator,2026-04-24,22:31:34,-07:00,2026-04-24T22:31:34-07:00,2,28
global.js,103,js,4dc952fa,aaj013-creator,2026-04-24,22:31:34,-07:00,2026-04-24T22:31:34-07:00,0,0
global.js,104,js,4dc952fa,aaj013-creator,2026-04-24,22:31:34,-07:00,2026-04-24T22:31:34-07:00,2,30
global.js,105,js,4dc952fa,aaj013-creator,2026-04-24,22:31:34,-07:00,2026-04-24T22:31:34-07:00,0,0
global.js,106,js,4dc952fa,aaj013-creator,2026-04-24,22:31:34,-07:00,2026-04-24T22:31:34-07:00,2,29
global.js,107,js,4dc952fa,aaj013-creator,2026-04-24,22:31:34,-07:00,2026-04-24T22:31:34-07:00,4,48
global.js,108,js,4dc952fa,aaj013-creator,2026-04-24,22:31:34,-07:00,2026-04-24T22:31:34-07:00,0,0
global.js,109,js,4dc952fa,aaj013-creator,2026-04-24,22:31:34,-07:00,2026-04-24T22:31:34-07:00,4,19
global.js,110,js,4dc952fa,aaj013-creator,2026-04-24,22:31:34,-07:00,2026-04-24T22:31:34-07:00,6,49
global.js,111,js,4dc952fa,aaj013-creator,2026-04-24,22:31:34,-07:00,2026-04-24T22:31:34-07:00,6,49
global.js,112,js,4dc952fa,aaj013-creator,2026-04-24,22:31:34,-07:00,2026-04-24T22:31:34-07:00,6,27
global.js,113,js,4dc952fa,aaj013-creator,2026-04-24,22:31:34,-07:00,2026-04-24T22:31:34-07:00,6,20
global.js,114,js,4dc952fa,aaj013-creator,2026-04-24,22:31:34,-07:00,2026-04-24T22:31:34-07:00,4,0
global.js,115,js,4dc952fa,aaj013-creator,2026-04-24,22:31:34,-07:00,2026-04-24T22:31:34-07:00,0,0
global.js,116,js,4dc952fa,aaj013-creator,2026-04-24,22:31:34,-07:00,2026-04-24T22:31:34-07:00,4,36
global.js,117,js,4dc952fa,aaj013-creator,2026-04-24,22:31:34,-07:00,2026-04-24T22:31:34-07:00,2,0
global.js,118,js,4dc952fa,aaj013-creator,2026-04-24,22:31:34,-07:00,2026-04-24T22:31:34-07:00,0,0
global.js,119,js,4dc952fa,aaj013-creator,2026-04-24,22:31:34,-07:00,2026-04-24T22:31:34-07:00,0,0
global.js,120,js,4dc952fa,aaj013-creator,2026-04-24,22:31:34,-07:00,2026-04-24T22:31:34-07:00,0,47
global.js,121,js,4dc952fa,aaj013-creator,2026-04-24,22:31:34,-07:00,2026-04-24T22:31:34-07:00,2,59
global.js,122,js,4dc952fa,aaj013-creator,2026-04-24,22:31:34,-07:00,2026-04-24T22:31:34-07:00,0,0
resume/index.html,1,html,f921c7d0,aaj013-creator,2026-04-04,20:51:16,-07:00,2026-04-04T20:51:16-07:00,0,13
resume/index.html,2,html,f921c7d0,aaj013-creator,2026-04-04,20:51:16,-07:00,2026-04-04T20:51:16-07:00,0,14
resume/index.html,3,html,f921c7d0,aaj013-creator,2026-04-04,20:51:16,-07:00,2026-04-04T20:51:16-07:00,0,4
resume/index.html,4,html,76d051a5,aaj013-creator,2026-04-04,21:18:40,-07:00,2026-04-04T21:18:40-07:00,2,41
resume/index.html,5,html,f921c7d0,aaj013-creator,2026-04-04,20:51:16,-07:00,2026-04-04T20:51:16-07:00,2,20
resume/index.html,6,html,f921c7d0,aaj013-creator,2026-04-04,20:51:16,-07:00,2026-04-04T20:51:16-07:00,2,68
resume/index.html,7,html,d9813b5e,aaj013-creator,2026-04-17,21:22:45,-07:00,2026-04-17T21:22:45-07:00,2,48
resume/index.html,8,html,f921c7d0,aaj013-creator,2026-04-04,20:51:16,-07:00,2026-04-04T20:51:16-07:00,2,19
resume/index.html,9,html,f921c7d0,aaj013-creator,2026-04-04,20:51:16,-07:00,2026-04-04T20:51:16-07:00,0,5
resume/index.html,10,html,f921c7d0,aaj013-creator,2026-04-04,20:51:16,-07:00,2026-04-04T20:51:16-07:00,0,0
resume/index.html,11,html,f921c7d0,aaj013-creator,2026-04-04,20:51:16,-07:00,2026-04-04T20:51:16-07:00,0,4
resume/index.html,12,html,f921c7d0,aaj013-creator,2026-04-04,20:51:16,-07:00,2026-04-04T20:51:16-07:00,0,0
resume/index.html,13,html,f2d72ccb,aaj013-creator,2026-04-04,21:04:22,-07:00,2026-04-04T21:04:22-07:00,2,19
resume/index.html,14,html,f2d72ccb,aaj013-creator,2026-04-04,21:04:22,-07:00,2026-04-04T21:04:22-07:00,2,45
resume/index.html,15,html,f921c7d0,aaj013-creator,2026-04-04,20:51:16,-07:00,2026-04-04T20:51:16-07:00,0,0
resume/index.html,16,html,f921c7d0,aaj013-creator,2026-04-04,20:51:16,-07:00,2026-04-04T20:51:16-07:00,2,7
resume/index.html,17,html,f921c7d0,aaj013-creator,2026-04-04,20:51:16,-07:00,2026-04-04T20:51:16-07:00,4,16
resume/index.html,18,html,f2d72ccb,aaj013-creator,2026-04-04,21:04:22,-07:00,2026-04-04T21:04:22-07:00,4,82
resume/index.html,19,html,f921c7d0,aaj013-creator,2026-04-04,20:51:16,-07:00,2026-04-04T20:51:16-07:00,2,8
resume/index.html,20,html,f921c7d0,aaj013-creator,2026-04-04,20:51:16,-07:00,2026-04-04T20:51:16-07:00,0,0
resume/index.html,21,html,f921c7d0,aaj013-creator,2026-04-04,20:51:16,-07:00,2026-04-04T20:51:16-07:00,2,7
resume/index.html,22,html,f921c7d0,aaj013-creator,2026-04-04,20:51:16,-07:00,2026-04-04T20:51:16-07:00,4,17
resume/index.html,23,html,f2d72ccb,aaj013-creator,2026-04-04,21:04:22,-07:00,2026-04-04T21:04:22-07:00,0,0
resume/index.html,24,html,f2d72ccb,aaj013-creator,2026-04-04,21:04:22,-07:00,2026-04-04T21:04:22-07:00,4,54
resume/index.html,25,html,f2d72ccb,aaj013-creator,2026-04-04,21:04:22,-07:00,2026-04-04T21:04:22-07:00,4,82
resume/index.html,26,html,f2d72ccb,aaj013-creator,2026-04-04,21:04:22,-07:00,2026-04-04T21:04:22-07:00,0,0
resume/index.html,27,html,f2d72ccb,aaj013-creator,2026-04-04,21:04:22,-07:00,2026-04-04T21:04:22-07:00,4,46
resume/index.html,28,html,f2d72ccb,aaj013-creator,2026-04-04,21:04:22,-07:00,2026-04-04T21:04:22-07:00,4,93
resume/index.html,29,html,f2d72ccb,aaj013-creator,2026-04-04,21:04:22,-07:00,2026-04-04T21:04:22-07:00,0,0
resume/index.html,30,html,f2d72ccb,aaj013-creator,2026-04-04,21:04:22,-07:00,2026-04-04T21:04:22-07:00,4,47
resume/index.html,31,html,f2d72ccb,aaj013-creator,2026-04-04,21:04:22,-07:00,2026-04-04T21:04:22-07:00,4,69
resume/index.html,32,html,f921c7d0,aaj013-creator,2026-04-04,20:51:16,-07:00,2026-04-04T20:51:16-07:00,2,8
resume/index.html,33,html,f921c7d0,aaj013-creator,2026-04-04,20:51:16,-07:00,2026-04-04T20:51:16-07:00,0,0
resume/index.html,34,html,f921c7d0,aaj013-creator,2026-04-04,20:51:16,-07:00,2026-04-04T20:51:16-07:00,2,7
resume/index.html,35,html,f921c7d0,aaj013-creator,2026-04-04,20:51:16,-07:00,2026-04-04T20:51:16-07:00,4,13
resume/index.html,36,html,f2d72ccb,aaj013-creator,2026-04-04,21:04:22,-07:00,2026-04-04T21:04:22-07:00,4,74
resume/index.html,37,html,f921c7d0,aaj013-creator,2026-04-04,20:51:16,-07:00,2026-04-04T20:51:16-07:00,2,8
resume/index.html,38,html,f921c7d0,aaj013-creator,2026-04-04,20:51:16,-07:00,2026-04-04T20:51:16-07:00,0,0
resume/index.html,39,html,f921c7d0,aaj013-creator,2026-04-04,20:51:16,-07:00,2026-04-04T20:51:16-07:00,0,5
resume/index.html,40,html,f921c7d0,aaj013-creator,2026-04-04,20:51:16,-07:00,2026-04-04T20:51:16-07:00,0,5
projects/projects.js,1,js,3e330e7e,aaj013-creator,2026-05-02,23:30:02,-07:00,2026-05-02T23:30:02-07:00,0,63
projects/projects.js,2,js,4dc952fa,aaj013-creator,2026-04-24,22:31:34,-07:00,2026-04-24T22:31:34-07:00,0,55
projects/projects.js,3,js,4dc952fa,aaj013-creator,2026-04-24,22:31:34,-07:00,2026-04-24T22:31:34-07:00,0,0
projects/projects.js,4,js,4dc952fa,aaj013-creator,2026-04-24,22:31:34,-07:00,2026-04-24T22:31:34-07:00,0,55
projects/projects.js,5,js,4dc952fa,aaj013-creator,2026-04-24,22:31:34,-07:00,2026-04-24T22:31:34-07:00,0,60
projects/projects.js,6,js,3e330e7e,aaj013-creator,2026-05-02,23:30:02,-07:00,2026-05-02T23:30:02-07:00,0,54
projects/projects.js,7,js,3e330e7e,aaj013-creator,2026-05-02,23:30:02,-07:00,2026-05-02T23:30:02-07:00,0,55
projects/projects.js,8,js,4dc952fa,aaj013-creator,2026-04-24,22:31:34,-07:00,2026-04-24T22:31:34-07:00,0,0
projects/projects.js,9,js,3e330e7e,aaj013-creator,2026-05-02,23:30:02,-07:00,2026-05-02T23:30:02-07:00,0,13
projects/projects.js,10,js,3e330e7e,aaj013-creator,2026-05-02,23:30:02,-07:00,2026-05-02T23:30:02-07:00,0,21
projects/projects.js,11,js,3e330e7e,aaj013-creator,2026-05-02,23:30:02,-07:00,2026-05-02T23:30:02-07:00,0,22
projects/projects.js,12,js,4dc952fa,aaj013-creator,2026-04-24,22:31:34,-07:00,2026-04-24T22:31:34-07:00,0,0
projects/projects.js,13,js,3e330e7e,aaj013-creator,2026-05-02,23:30:02,-07:00,2026-05-02T23:30:02-07:00,0,49
projects/projects.js,14,js,3e330e7e,aaj013-creator,2026-05-02,23:30:02,-07:00,2026-05-02T23:30:02-07:00,0,0
projects/projects.js,15,js,3e330e7e,aaj013-creator,2026-05-02,23:30:02,-07:00,2026-05-02T23:30:02-07:00,0,30
projects/projects.js,16,js,3e330e7e,aaj013-creator,2026-05-02,23:30:02,-07:00,2026-05-02T23:30:02-07:00,2,35
projects/projects.js,17,js,3e330e7e,aaj013-creator,2026-05-02,23:30:02,-07:00,2026-05-02T23:30:02-07:00,4,59
projects/projects.js,18,js,3e330e7e,aaj013-creator,2026-05-02,23:30:02,-07:00,2026-05-02T23:30:02-07:00,4,55
projects/projects.js,19,js,3e330e7e,aaj013-creator,2026-05-02,23:30:02,-07:00,2026-05-02T23:30:02-07:00,4,71
projects/projects.js,20,js,3e330e7e,aaj013-creator,2026-05-02,23:30:02,-07:00,2026-05-02T23:30:02-07:00,0,0
projects/projects.js,21,js,3e330e7e,aaj013-creator,2026-05-02,23:30:02,-07:00,2026-05-02T23:30:02-07:00,4,34
projects/projects.js,22,js,3e330e7e,aaj013-creator,2026-05-02,23:30:02,-07:00,2026-05-02T23:30:02-07:00,2,1
projects/projects.js,23,js,3e330e7e,aaj013-creator,2026-05-02,23:30:02,-07:00,2026-05-02T23:30:02-07:00,0,0
projects/projects.js,24,js,3e330e7e,aaj013-creator,2026-05-02,23:30:02,-07:00,2026-05-02T23:30:02-07:00,0,0
projects/projects.js,25,js,3e330e7e,aaj013-creator,2026-05-02,23:30:02,-07:00,2026-05-02T23:30:02-07:00,0,21
projects/projects.js,26,js,3e330e7e,aaj013-creator,2026-05-02,23:30:02,-07:00,2026-05-02T23:30:02-07:00,2,43
projects/projects.js,27,js,3e330e7e,aaj013-creator,2026-05-02,23:30:02,-07:00,2026-05-02T23:30:02-07:00,0,0
projects/projects.js,28,js,3e330e7e,aaj013-creator,2026-05-02,23:30:02,-07:00,2026-05-02T23:30:02-07:00,2,56
projects/projects.js,29,js,3e330e7e,aaj013-creator,2026-05-02,23:30:02,-07:00,2026-05-02T23:30:02-07:00,0,0
projects/projects.js,30,js,3e330e7e,aaj013-creator,2026-05-02,23:30:02,-07:00,2026-05-02T23:30:02-07:00,2,10
projects/projects.js,31,js,3e330e7e,aaj013-creator,2026-05-02,23:30:02,-07:00,2026-05-02T23:30:02-07:00,4,56
projects/projects.js,32,js,3e330e7e,aaj013-creator,2026-05-02,23:30:02,-07:00,2026-05-02T23:30:02-07:00,2,0
projects/projects.js,33,js,3e330e7e,aaj013-creator,2026-05-02,23:30:02,-07:00,2026-05-02T23:30:02-07:00,0,0
projects/projects.js,34,js,3e330e7e,aaj013-creator,2026-05-02,23:30:02,-07:00,2026-05-02T23:30:02-07:00,2,31
projects/projects.js,35,js,3e330e7e,aaj013-creator,2026-05-02,23:30:02,-07:00,2026-05-02T23:30:02-07:00,0,0
projects/projects.js,36,js,3e330e7e,aaj013-creator,2026-05-02,23:30:02,-07:00,2026-05-02T23:30:02-07:00,0,0
projects/projects.js,37,js,3e330e7e,aaj013-creator,2026-05-02,23:30:02,-07:00,2026-05-02T23:30:02-07:00,0,38
projects/projects.js,38,js,3e330e7e,aaj013-creator,2026-05-02,23:30:02,-07:00,2026-05-02T23:30:02-07:00,2,40
projects/projects.js,39,js,3e330e7e,aaj013-creator,2026-05-02,23:30:02,-07:00,2026-05-02T23:30:02-07:00,2,32
projects/projects.js,40,js,3e330e7e,aaj013-creator,2026-05-02,23:30:02,-07:00,2026-05-02T23:30:02-07:00,0,0
projects/projects.js,41,js,3e330e7e,aaj013-creator,2026-05-02,23:30:02,-07:00,2026-05-02T23:30:02-07:00,2,29
projects/projects.js,42,js,3e330e7e,aaj013-creator,2026-05-02,23:30:02,-07:00,2026-05-02T23:30:02-07:00,2,30
projects/projects.js,43,js,3e330e7e,aaj013-creator,2026-05-02,23:30:02,-07:00,2026-05-02T23:30:02-07:00,0,0
projects/projects.js,44,js,3e330e7e,aaj013-creator,2026-05-02,23:30:02,-07:00,2026-05-02T23:30:02-07:00,2,26
projects/projects.js,45,js,3e330e7e,aaj013-creator,2026-05-02,23:30:02,-07:00,2026-05-02T23:30:02-07:00,4,12
projects/projects.js,46,js,3e330e7e,aaj013-creator,2026-05-02,23:30:02,-07:00,2026-05-02T23:30:02-07:00,4,14
projects/projects.js,47,js,3e330e7e,aaj013-creator,2026-05-02,23:30:02,-07:00,2026-05-02T23:30:02-07:00,4,11
projects/projects.js,48,js,3e330e7e,aaj013-creator,2026-05-02,23:30:02,-07:00,2026-05-02T23:30:02-07:00,2,0
projects/projects.js,49,js,3e330e7e,aaj013-creator,2026-05-02,23:30:02,-07:00,2026-05-02T23:30:02-07:00,0,0
projects/projects.js,50,js,3e330e7e,aaj013-creator,2026-05-02,23:30:02,-07:00,2026-05-02T23:30:02-07:00,2,44
projects/projects.js,51,js,3e330e7e,aaj013-creator,2026-05-02,23:30:02,-07:00,2026-05-02T23:30:02-07:00,4,35
projects/projects.js,52,js,3e330e7e,aaj013-creator,2026-05-02,23:30:02,-07:00,2026-05-02T23:30:02-07:00,2,1
projects/projects.js,53,js,3e330e7e,aaj013-creator,2026-05-02,23:30:02,-07:00,2026-05-02T23:30:02-07:00,0,0
projects/projects.js,54,js,3e330e7e,aaj013-creator,2026-05-02,23:30:02,-07:00,2026-05-02T23:30:02-07:00,2,57
projects/projects.js,55,js,3e330e7e,aaj013-creator,2026-05-02,23:30:02,-07:00,2026-05-02T23:30:02-07:00,2,50
projects/projects.js,56,js,3e330e7e,aaj013-creator,2026-05-02,23:30:02,-07:00,2026-05-02T23:30:02-07:00,2,33
projects/projects.js,57,js,3e330e7e,aaj013-creator,2026-05-02,23:30:02,-07:00,2026-05-02T23:30:02-07:00,2,45
projects/projects.js,58,js,3e330e7e,aaj013-creator,2026-05-02,23:30:02,-07:00,2026-05-02T23:30:02-07:00,0,0
projects/projects.js,59,js,3e330e7e,aaj013-creator,2026-05-02,23:30:02,-07:00,2026-05-02T23:30:02-07:00,2,24
projects/projects.js,60,js,3e330e7e,aaj013-creator,2026-05-02,23:30:02,-07:00,2026-05-02T23:30:02-07:00,4,16
projects/projects.js,61,js,3e330e7e,aaj013-creator,2026-05-02,23:30:02,-07:00,2026-05-02T23:30:02-07:00,6,13
projects/projects.js,62,js,3e330e7e,aaj013-creator,2026-05-02,23:30:02,-07:00,2026-05-02T23:30:02-07:00,6,22
projects/projects.js,63,js,3e330e7e,aaj013-creator,2026-05-02,23:30:02,-07:00,2026-05-02T23:30:02-07:00,6,62
projects/projects.js,64,js,3e330e7e,aaj013-creator,2026-05-02,23:30:02,-07:00,2026-05-02T23:30:02-07:00,6,18
projects/projects.js,65,js,3e330e7e,aaj013-creator,2026-05-02,23:30:02,-07:00,2026-05-02T23:30:02-07:00,8,35
projects/projects.js,66,js,3e330e7e,aaj013-creator,2026-05-02,23:30:02,-07:00,2026-05-02T23:30:02-07:00,10,18
projects/projects.js,67,js,3e330e7e,aaj013-creator,2026-05-02,23:30:02,-07:00,2026-05-02T23:30:02-07:00,10,17
projects/projects.js,68,js,3e330e7e,aaj013-creator,2026-05-02,23:30:02,-07:00,2026-05-02T23:30:02-07:00,8,6
projects/projects.js,69,js,3e330e7e,aaj013-creator,2026-05-02,23:30:02,-07:00,2026-05-02T23:30:02-07:00,10,27
projects/projects.js,70,js,3e330e7e,aaj013-creator,2026-05-02,23:30:02,-07:00,2026-05-02T23:30:02-07:00,10,16
projects/projects.js,71,js,3e330e7e,aaj013-creator,2026-05-02,23:30:02,-07:00,2026-05-02T23:30:02-07:00,8,0
projects/projects.js,72,js,3e330e7e,aaj013-creator,2026-05-02,23:30:02,-07:00,2026-05-02T23:30:02-07:00,0,0
projects/projects.js,73,js,3e330e7e,aaj013-creator,2026-05-02,23:30:02,-07:00,2026-05-02T23:30:02-07:00,8,11
projects/projects.js,74,js,3e330e7e,aaj013-creator,2026-05-02,23:30:02,-07:00,2026-05-02T23:30:02-07:00,6,1
projects/projects.js,75,js,3e330e7e,aaj013-creator,2026-05-02,23:30:02,-07:00,2026-05-02T23:30:02-07:00,2,1
projects/projects.js,76,js,3e330e7e,aaj013-creator,2026-05-02,23:30:02,-07:00,2026-05-02T23:30:02-07:00,0,0
projects/projects.js,77,js,3e330e7e,aaj013-creator,2026-05-02,23:30:02,-07:00,2026-05-02T23:30:02-07:00,2,22
projects/projects.js,78,js,3e330e7e,aaj013-creator,2026-05-02,23:30:02,-07:00,2026-05-02T23:30:02-07:00,4,17
projects/projects.js,79,js,3e330e7e,aaj013-creator,2026-05-02,23:30:02,-07:00,2026-05-02T23:30:02-07:00,6,36
projects/projects.js,80,js,3e330e7e,aaj013-creator,2026-05-02,23:30:02,-07:00,2026-05-02T23:30:02-07:00,6,79
projects/projects.js,81,js,3e330e7e,aaj013-creator,2026-05-02,23:30:02,-07:00,2026-05-02T23:30:02-07:00,6,68
projects/projects.js,82,js,3e330e7e,aaj013-creator,2026-05-02,23:30:02,-07:00,2026-05-02T23:30:02-07:00,6,18
projects/projects.js,83,js,3e330e7e,aaj013-creator,2026-05-02,23:30:02,-07:00,2026-05-02T23:30:02-07:00,8,29
projects/projects.js,84,js,3e330e7e,aaj013-creator,2026-05-02,23:30:02,-07:00,2026-05-02T23:30:02-07:00,10,18
projects/projects.js,85,js,3e330e7e,aaj013-creator,2026-05-02,23:30:02,-07:00,2026-05-02T23:30:02-07:00,10,17
projects/projects.js,86,js,3e330e7e,aaj013-creator,2026-05-02,23:30:02,-07:00,2026-05-02T23:30:02-07:00,8,6
projects/projects.js,87,js,3e330e7e,aaj013-creator,2026-05-02,23:30:02,-07:00,2026-05-02T23:30:02-07:00,10,21
projects/projects.js,88,js,3e330e7e,aaj013-creator,2026-05-02,23:30:02,-07:00,2026-05-02T23:30:02-07:00,10,16
projects/projects.js,89,js,3e330e7e,aaj013-creator,2026-05-02,23:30:02,-07:00,2026-05-02T23:30:02-07:00,8,0
projects/projects.js,90,js,3e330e7e,aaj013-creator,2026-05-02,23:30:02,-07:00,2026-05-02T23:30:02-07:00,0,0
projects/projects.js,91,js,3e330e7e,aaj013-creator,2026-05-02,23:30:02,-07:00,2026-05-02T23:30:02-07:00,8,11
projects/projects.js,92,js,3e330e7e,aaj013-creator,2026-05-02,23:30:02,-07:00,2026-05-02T23:30:02-07:00,6,1
projects/projects.js,93,js,3e330e7e,aaj013-creator,2026-05-02,23:30:02,-07:00,2026-05-02T23:30:02-07:00,2,1
projects/projects.js,94,js,3e330e7e,aaj013-creator,2026-05-02,23:30:02,-07:00,2026-05-02T23:30:02-07:00,0,0
projects/projects.js,95,js,3e330e7e,aaj013-creator,2026-05-02,23:30:02,-07:00,2026-05-02T23:30:02-07:00,0,0
projects/projects.js,96,js,3e330e7e,aaj013-creator,2026-05-02,23:30:02,-07:00,2026-05-02T23:30:02-07:00,0,48
projects/projects.js,97,js,3e330e7e,aaj013-creator,2026-05-02,23:30:02,-07:00,2026-05-02T23:30:02-07:00,2,25
projects/projects.js,98,js,3e330e7e,aaj013-creator,2026-05-02,23:30:02,-07:00,2026-05-02T23:30:02-07:00,2,11
projects/projects.js,99,js,3e330e7e,aaj013-creator,2026-05-02,23:30:02,-07:00,2026-05-02T23:30:02-07:00,0,1
projects/projects.js,100,js,4dc952fa,aaj013-creator,2026-04-24,22:31:34,-07:00,2026-04-24T22:31:34-07:00,0,0
projects/projects.js,101,js,3e330e7e,aaj013-creator,2026-05-02,23:30:02,-07:00,2026-05-02T23:30:02-07:00,0,11
projects/index.html,1,html,f2d72ccb,aaj013-creator,2026-04-04,21:04:22,-07:00,2026-04-04T21:04:22-07:00,0,13
projects/index.html,2,html,f2d72ccb,aaj013-creator,2026-04-04,21:04:22,-07:00,2026-04-04T21:04:22-07:00,0,14
projects/index.html,3,html,f2d72ccb,aaj013-creator,2026-04-04,21:04:22,-07:00,2026-04-04T21:04:22-07:00,0,4
projects/index.html,4,html,76d051a5,aaj013-creator,2026-04-04,21:18:40,-07:00,2026-04-04T21:18:40-07:00,2,41
projects/index.html,5,html,f2d72ccb,aaj013-creator,2026-04-04,21:04:22,-07:00,2026-04-04T21:04:22-07:00,2,20
projects/index.html,6,html,f2d72ccb,aaj013-creator,2026-04-04,21:04:22,-07:00,2026-04-04T21:04:22-07:00,2,68
projects/index.html,7,html,d9813b5e,aaj013-creator,2026-04-17,21:22:45,-07:00,2026-04-17T21:22:45-07:00,2,48
projects/index.html,8,html,f5e70fd5,aaj013-creator,2026-04-24,23:09:28,-07:00,2026-04-24T23:09:28-07:00,2,47
projects/index.html,9,html,f2d72ccb,aaj013-creator,2026-04-04,21:04:22,-07:00,2026-04-04T21:04:22-07:00,2,21
projects/index.html,10,html,f2d72ccb,aaj013-creator,2026-04-04,21:04:22,-07:00,2026-04-04T21:04:22-07:00,0,5
projects/index.html,11,html,f2d72ccb,aaj013-creator,2026-04-04,21:04:22,-07:00,2026-04-04T21:04:22-07:00,0,0
projects/index.html,12,html,f2d72ccb,aaj013-creator,2026-04-04,21:04:22,-07:00,2026-04-04T21:04:22-07:00,0,4
projects/index.html,13,html,f2d72ccb,aaj013-creator,2026-04-04,21:04:22,-07:00,2026-04-04T21:04:22-07:00,0,0
projects/index.html,14,html,f5e70fd5,aaj013-creator,2026-04-24,23:09:28,-07:00,2026-04-24T23:09:28-07:00,2,38
projects/index.html,15,html,f2d72ccb,aaj013-creator,2026-04-04,21:04:22,-07:00,2026-04-04T21:04:22-07:00,0,0
projects/index.html,16,html,3e330e7e,aaj013-creator,2026-05-02,23:30:02,-07:00,2026-05-02T23:30:02-07:00,2,27
projects/index.html,17,html,3e330e7e,aaj013-creator,2026-05-02,23:30:02,-07:00,2026-05-02T23:30:02-07:00,4,58
projects/index.html,18,html,3e330e7e,aaj013-creator,2026-05-02,23:30:02,-07:00,2026-05-02T23:30:02-07:00,4,22
projects/index.html,19,html,3e330e7e,aaj013-creator,2026-05-02,23:30:02,-07:00,2026-05-02T23:30:02-07:00,2,4
projects/index.html,20,html,3e330e7e,aaj013-creator,2026-05-02,23:30:02,-07:00,2026-05-02T23:30:02-07:00,0,0
projects/index.html,21,html,3e330e7e,aaj013-creator,2026-05-02,23:30:02,-07:00,2026-05-02T23:30:02-07:00,2,4
projects/index.html,22,html,3e330e7e,aaj013-creator,2026-05-02,23:30:02,-07:00,2026-05-02T23:30:02-07:00,4,15
projects/index.html,23,html,3e330e7e,aaj013-creator,2026-05-02,23:30:02,-07:00,2026-05-02T23:30:02-07:00,4,11
projects/index.html,24,html,3e330e7e,aaj013-creator,2026-05-02,23:30:02,-07:00,2026-05-02T23:30:02-07:00,4,26
projects/index.html,25,html,3e330e7e,aaj013-creator,2026-05-02,23:30:02,-07:00,2026-05-02T23:30:02-07:00,4,31
projects/index.html,26,html,3e330e7e,aaj013-creator,2026-05-02,23:30:02,-07:00,2026-05-02T23:30:02-07:00,2,0
projects/index.html,27,html,3e330e7e,aaj013-creator,2026-05-02,23:30:02,-07:00,2026-05-02T23:30:02-07:00,0,0
projects/index.html,28,html,f5e70fd5,aaj013-creator,2026-04-24,23:09:28,-07:00,2026-04-24T23:09:28-07:00,2,26
projects/index.html,29,html,f2d72ccb,aaj013-creator,2026-04-04,21:04:22,-07:00,2026-04-04T21:04:22-07:00,0,0
projects/index.html,30,html,f2d72ccb,aaj013-creator,2026-04-04,21:04:22,-07:00,2026-04-04T21:04:22-07:00,0,5
projects/index.html,31,html,f2d72ccb,aaj013-creator,2026-04-04,21:04:22,-07:00,2026-04-04T21:04:22-07:00,0,5
contact/index.html,1,html,f921c7d0,aaj013-creator,2026-04-04,20:51:16,-07:00,2026-04-04T20:51:16-07:00,0,13
contact/index.html,2,html,f921c7d0,aaj013-creator,2026-04-04,20:51:16,-07:00,2026-04-04T20:51:16-07:00,0,14
contact/index.html,3,html,f921c7d0,aaj013-creator,2026-04-04,20:51:16,-07:00,2026-04-04T20:51:16-07:00,0,4
contact/index.html,4,html,76d051a5,aaj013-creator,2026-04-04,21:18:40,-07:00,2026-04-04T21:18:40-07:00,2,41
contact/index.html,5,html,f921c7d0,aaj013-creator,2026-04-04,20:51:16,-07:00,2026-04-04T20:51:16-07:00,2,20
contact/index.html,6,html,f921c7d0,aaj013-creator,2026-04-04,20:51:16,-07:00,2026-04-04T20:51:16-07:00,2,68
contact/index.html,7,html,d9813b5e,aaj013-creator,2026-04-17,21:22:45,-07:00,2026-04-17T21:22:45-07:00,2,48
contact/index.html,8,html,f921c7d0,aaj013-creator,2026-04-04,20:51:16,-07:00,2026-04-04T20:51:16-07:00,2,20
contact/index.html,9,html,f921c7d0,aaj013-creator,2026-04-04,20:51:16,-07:00,2026-04-04T20:51:16-07:00,0,5
contact/index.html,10,html,f921c7d0,aaj013-creator,2026-04-04,20:51:16,-07:00,2026-04-04T20:51:16-07:00,0,4
contact/index.html,11,html,f921c7d0,aaj013-creator,2026-04-04,20:51:16,-07:00,2026-04-04T20:51:16-07:00,2,14
contact/index.html,12,html,f921c7d0,aaj013-creator,2026-04-04,20:51:16,-07:00,2026-04-04T20:51:16-07:00,0,0
contact/index.html,13,html,f4e9788c,aaj013-creator,2026-04-17,21:53:24,-07:00,2026-04-17T21:53:24-07:00,2,49
contact/index.html,14,html,f921c7d0,aaj013-creator,2026-04-04,20:51:16,-07:00,2026-04-04T20:51:16-07:00,4,5
contact/index.html,15,html,f921c7d0,aaj013-creator,2026-04-04,20:51:16,-07:00,2026-04-04T20:51:16-07:00,6,4
contact/index.html,16,html,f921c7d0,aaj013-creator,2026-04-04,20:51:16,-07:00,2026-04-04T20:51:16-07:00,6,31
contact/index.html,17,html,f921c7d0,aaj013-creator,2026-04-04,20:51:16,-07:00,2026-04-04T20:51:16-07:00,4,6
contact/index.html,18,html,f921c7d0,aaj013-creator,2026-04-04,20:51:16,-07:00,2026-04-04T20:51:16-07:00,0,0
contact/index.html,19,html,f921c7d0,aaj013-creator,2026-04-04,20:51:16,-07:00,2026-04-04T20:51:16-07:00,4,5
contact/index.html,20,html,f921c7d0,aaj013-creator,2026-04-04,20:51:16,-07:00,2026-04-04T20:51:16-07:00,6,6
contact/index.html,21,html,f921c7d0,aaj013-creator,2026-04-04,20:51:16,-07:00,2026-04-04T20:51:16-07:00,6,20
contact/index.html,22,html,f921c7d0,aaj013-creator,2026-04-04,20:51:16,-07:00,2026-04-04T20:51:16-07:00,4,6
contact/index.html,23,html,f921c7d0,aaj013-creator,2026-04-04,20:51:16,-07:00,2026-04-04T20:51:16-07:00,0,0
contact/index.html,24,html,f921c7d0,aaj013-creator,2026-04-04,20:51:16,-07:00,2026-04-04T20:51:16-07:00,4,5
contact/index.html,25,html,f921c7d0,aaj013-creator,2026-04-04,20:51:16,-07:00,2026-04-04T20:51:16-07:00,6,6
contact/index.html,26,html,f921c7d0,aaj013-creator,2026-04-04,20:51:16,-07:00,2026-04-04T20:51:16-07:00,6,31
contact/index.html,27,html,f921c7d0,aaj013-creator,2026-04-04,20:51:16,-07:00,2026-04-04T20:51:16-07:00,4,6
contact/index.html,28,html,f921c7d0,aaj013-creator,2026-04-04,20:51:16,-07:00,2026-04-04T20:51:16-07:00,0,0
contact/index.html,29,html,f921c7d0,aaj013-creator,2026-04-04,20:51:16,-07:00,2026-04-04T20:51:16-07:00,4,19
contact/index.html,30,html,f921c7d0,aaj013-creator,2026-04-04,20:51:16,-07:00,2026-04-04T20:51:16-07:00,2,5
contact/index.html,31,html,f921c7d0,aaj013-creator,2026-04-04,20:51:16,-07:00,2026-04-04T20:51:16-07:00,0,5
contact/index.html,32,html,f921c7d0,aaj013-creator,2026-04-04,20:51:16,-07:00,2026-04-04T20:51:16-07:00,0,5
